old_url,action,proposed_destination,status,notes
"https://www.elevatexlab.com/",REVIEW,,pending,"Advertised in live sitemap or seed; assess content and search value"
"https://elevatexlab.com/",REVIEW,,pending,"Advertised in live sitemap or seed; assess content and search value"
"https://elevatexlab.com/web-development",REVIEW,,pending,"Advertised in live sitemap or seed; assess content and search value"
"https://elevatexlab.com/ai-chatbots",REVIEW,,pending,"Advertised in live sitemap or seed; assess content and search value"
"https://elevatexlab.com/landing-pages",REVIEW,,pending,"Advertised in live sitemap or seed; assess content and search value"
"https://elevatexlab.com/portfolio",REVIEW,,pending,"Advertised in live sitemap or seed; assess content and search value"
"https://elevatexlab.com/about",REVIEW,,pending,"Advertised in live sitemap or seed; assess content and search value"
"https://elevatexlab.com/contact",REVIEW,,pending,"Advertised in live sitemap or seed; assess content and search value"
"https://elevatexlab.com/blog",REVIEW,,pending,"Advertised in live sitemap or seed; assess content and search value"
"https://elevatexlab.com/locations/lahore",REVIEW,,pending,"Advertised in live sitemap or seed; assess content and search value"
"https://elevatexlab.com/locations/karachi",REVIEW,,pending,"Advertised in live sitemap or seed; assess content and search value"
"https://elevatexlab.com/locations/islamabad",REVIEW,,pending,"Advertised in live sitemap or seed; assess content and search value"
"https://elevatexlab.com/blog/web-development-trends-2025",REVIEW,,pending,"Advertised in live sitemap or seed; assess content and search value"
"https://elevatexlab.com/blog/ai-chatbots-business-growth",REVIEW,,pending,"Advertised in live sitemap or seed; assess content and search value"
"https://elevatexlab.com/blog/landing-page-conversion-optimization",REVIEW,,pending,"Advertised in live sitemap or seed; assess content and search value"
